{"cameraMode":{"drawMode":0,"name":"Shaded","section":"Shading Mode"},"sceneLighting":false,"audioPlay":false,"sceneViewState":{"m_AlwaysRefresh":false,"showFog":true,"showSkybox":false,"showFlares":true,"showImageEffects":true,"showParticleSystems":true,"showVisualEffectGraphs":true,"m_FxEnabled":true},"in2DMode":false,"pivot":{"x":1.1498013734817505,"y":-0.3720400035381317,"z":0.13513194024562837},"rotation":{"x":0.12483881413936615,"y":0.6578565835952759,"z":-0.11172047257423401,"w":0.7343714237213135},"size":1.060947299003601,"orthographic":false}